experiment,metric,value
depth_control,initial_depth_error_m,6.0
depth_control,final_depth_error_m,0.04033677177784334
depth_control,maximum_depth_m,8.623408219961192
heading_control_90deg,final_heading_error_deg,2.1160972671101907
heading_control_wrap,initial_wrapped_error_deg,19.99999999999998
heading_control_wrap,final_heading_error_deg,0.4729545976499871
waypoint_navigation,initial_distance_m,24.08318915758459
waypoint_navigation,final_distance_m,0.9965133538611601
waypoint_navigation,navigation_time_s,18.62
waypoint_navigation,maximum_abs_pitch_deg,42.67861424458928
noisy_feedback_navigation,initial_distance_m,24.08318915758459
noisy_feedback_navigation,final_distance_m,0.9959510992002923
noisy_feedback_navigation,navigation_time_s,19.34
noisy_feedback_navigation,depth_measurement_error_mean_m,0.028149144735531092
noisy_feedback_navigation,heading_measurement_error_mean_deg,0.7771580489452405
