time,x,y,z,vx,vy,vz
0.0000000000,0.0000000000,0.0000000000,-5.0000000000,0.0000000000,0.0000000000,0.0000000000
0.1000000000,0.1000000000,0.0000000000,-5.0000000000,1.0000000000,0.0000000000,0.0000000000
0.2000000000,0.2000000000,0.0000000000,-5.0000000000,1.0000000000,0.0000000000,0.0000000000
0.3000000000,0.3000000000,0.0000000000,-5.0000000000,1.0000000000,0.0000000000,0.0000000000
0.4000000000,0.4000000000,0.0000000000,-5.0000000000,1.0000000000,0.0000000000,0.0000000000
0.5000000000,0.5000000000,0.0000000000,-5.0000000000,1.0000000000,0.0000000000,0.0000000000
0.6000000000,0.6000000000,0.0000000000,-5.0000000000,1.0000000000,0.0000000000,0.0000000000
0.7000000000,0.7000000000,0.0000000000,-5.0000000000,1.0000000000,0.0000000000,0.0000000000
0.8000000000,0.8000000000,0.0000000000,-5.0000000000,1.0000000000,0.0000000000,0.0000000000
0.9000000000,0.9000000000,0.0000000000,-5.0000000000,1.0000000000,0.0000000000,0.0000000000
1.0000000000,1.0000000000,0.0000000000,-5.0000000000,1.0000000000,0.0000000000,0.0000000000
1.1000000000,1.1000000000,0.0000000000,-5.0000000000,1.0000000000,0.0000000000,0.0000000000
1.2000000000,1.2000000000,0.0000000000,-5.0000000000,1.0000000000,0.0000000000,0.0000000000
1.3000000000,1.3000000000,0.0000000000,-5.0000000000,1.0000000000,0.0000000000,0.0000000000
1.4000000000,1.4000000000,0.0000000000,-5.0000000000,1.0000000000,0.0000000000,0.0000000000
1.5000000000,1.5000000000,0.0000000000,-5.0000000000,1.0000000000,0.0000000000,0.0000000000
1.6000000000,1.6000000000,0.0000000000,-5.0000000000,1.0000000000,0.0000000000,0.0000000000
1.7000000000,1.7000000000,0.0000000000,-5.0000000000,1.0000000000,0.0000000000,0.0000000000
1.8000000000,1.8000000000,0.0000000000,-5.0000000000,1.0000000000,0.0000000000,0.0000000000
1.9000000000,1.9000000000,0.0000000000,-5.0000000000,1.0000000000,0.0000000000,0.0000000000
2.0000000000,2.0000000000,0.0000000000,-5.0000000000,1.0000000000,0.0000000000,0.0000000000
2.1000000000,2.1000000000,0.0000000000,-5.0000000000,1.0000000000,0.0000000000,0.0000000000
2.2000000000,2.2000000000,0.0000000000,-5.0000000000,1.0000000000,0.0000000000,0.0000000000
2.3000000000,2.3000000000,0.0000000000,-5.0000000000,1.0000000000,0.0000000000,0.0000000000
2.4000000000,2.4000000000,0.0000000000,-5.0000000000,1.0000000000,0.0000000000,0.0000000000
2.5000000000,2.5000000000,0.0000000000,-5.0000000000,1.0000000000,0.0000000000,0.0000000000
2.6000000000,2.6000000000,0.0000000000,-5.0000000000,1.0000000000,0.0000000000,0.0000000000
2.7000000000,2.7000000000,0.0000000000,-5.0000000000,1.0000000000,0.0000000000,0.0000000000
2.8000000000,2.8000000000,0.0000000000,-5.0000000000,1.0000000000,0.0000000000,0.0000000000
2.9000000000,2.9000000000,0.0000000000,-5.0000000000,1.0000000000,0.0000000000,0.0000000000
3.0000000000,3.0000000000,0.0000000000,-5.0000000000,1.0000000000,0.0000000000,0.0000000000
3.1000000000,3.1000000000,0.0000000000,-5.0000000000,1.0000000000,0.0000000000,0.0000000000
3.2000000000,3.2000000000,0.0000000000,-5.0000000000,1.0000000000,0.0000000000,0.0000000000
3.3000000000,3.3000000000,0.0000000000,-5.0000000000,1.0000000000,0.0000000000,0.0000000000
3.4000000000,3.4000000000,0.0000000000,-5.0000000000,1.0000000000,0.0000000000,0.0000000000
3.5000000000,3.5000000000,0.0000000000,-5.0000000000,1.0000000000,0.0000000000,0.0000000000
3.6000000000,3.6000000000,0.0000000000,-5.0000000000,1.0000000000,0.0000000000,0.0000000000
3.7000000000,3.7000000000,0.0000000000,-5.0000000000,1.0000000000,0.0000000000,0.0000000000
3.8000000000,3.8000000000,0.0000000000,-5.0000000000,1.0000000000,0.0000000000,0.0000000000
3.9000000000,3.9000000000,0.0000000000,-5.0000000000,1.0000000000,0.0000000000,0.0000000000
4.0000000000,4.0000000000,0.0000000000,-5.0000000000,1.0000000000,0.0000000000,0.0000000000
4.1000000000,4.1000000000,0.0000000000,-5.0000000000,1.0000000000,0.0000000000,0.0000000000
4.2000000000,4.2000000000,0.0000000000,-5.0000000000,1.0000000000,0.0000000000,0.0000000000
4.3000000000,4.3000000000,0.0000000000,-5.0000000000,1.0000000000,0.0000000000,0.0000000000
4.4000000000,4.4000000000,0.0000000000,-5.0000000000,1.0000000000,0.0000000000,0.0000000000
4.5000000000,4.5000000000,0.0000000000,-5.0000000000,1.0000000000,0.0000000000,0.0000000000
4.6000000000,4.6000000000,0.0000000000,-5.0000000000,1.0000000000,0.0000000000,0.0000000000
4.7000000000,4.7000000000,0.0000000000,-5.0000000000,1.0000000000,0.0000000000,0.0000000000
4.8000000000,4.8000000000,0.0000000000,-5.0000000000,1.0000000000,0.0000000000,0.0000000000
4.9000000000,4.9000000000,0.0000000000,-5.0000000000,1.0000000000,0.0000000000,0.0000000000
5.0000000000,5.0000000000,0.0000000000,-5.0000000000,1.0000000000,0.0000000000,0.0000000000
5.1000000000,5.0000000000,0.0500000000,-5.0000000000,0.0000000000,0.5000000000,0.0000000000
5.2000000000,5.0000000000,0.1000000000,-5.0000000000,0.0000000000,0.5000000000,0.0000000000
5.3000000000,5.0000000000,0.1500000000,-5.0000000000,0.0000000000,0.5000000000,0.0000000000
5.4000000000,5.0000000000,0.2000000000,-5.0000000000,0.0000000000,0.5000000000,0.0000000000
5.5000000000,5.0000000000,0.2500000000,-5.0000000000,0.0000000000,0.5000000000,0.0000000000
5.6000000000,5.0000000000,0.3000000000,-5.0000000000,0.0000000000,0.5000000000,0.0000000000
5.7000000000,5.0000000000,0.3500000000,-5.0000000000,0.0000000000,0.5000000000,0.0000000000
5.8000000000,5.0000000000,0.4000000000,-5.0000000000,0.0000000000,0.5000000000,0.0000000000
5.9000000000,5.0000000000,0.4500000000,-5.0000000000,0.0000000000,0.5000000000,0.0000000000
6.0000000000,5.0000000000,0.5000000000,-5.0000000000,0.0000000000,0.5000000000,0.0000000000
6.1000000000,5.0000000000,0.5500000000,-5.0000000000,0.0000000000,0.5000000000,0.0000000000
6.2000000000,5.0000000000,0.6000000000,-5.0000000000,0.0000000000,0.5000000000,0.0000000000
6.3000000000,5.0000000000,0.6500000000,-5.0000000000,0.0000000000,0.5000000000,0.0000000000
6.4000000000,5.0000000000,0.7000000000,-5.0000000000,0.0000000000,0.5000000000,0.0000000000
6.5000000000,5.0000000000,0.7500000000,-5.0000000000,0.0000000000,0.5000000000,0.0000000000
6.6000000000,5.0000000000,0.8000000000,-5.0000000000,0.0000000000,0.5000000000,0.0000000000
6.7000000000,5.0000000000,0.8500000000,-5.0000000000,0.0000000000,0.5000000000,0.0000000000
6.8000000000,5.0000000000,0.9000000000,-5.0000000000,0.0000000000,0.5000000000,0.0000000000
6.9000000000,5.0000000000,0.9500000000,-5.0000000000,0.0000000000,0.5000000000,0.0000000000
7.0000000000,5.0000000000,1.0000000000,-5.0000000000,0.0000000000,0.5000000000,0.0000000000
7.1000000000,5.0000000000,1.0500000000,-5.0000000000,0.0000000000,0.5000000000,0.0000000000
7.2000000000,5.0000000000,1.1000000000,-5.0000000000,0.0000000000,0.5000000000,0.0000000000
7.3000000000,5.0000000000,1.1500000000,-5.0000000000,0.0000000000,0.5000000000,0.0000000000
7.4000000000,5.0000000000,1.2000000000,-5.0000000000,0.0000000000,0.5000000000,0.0000000000
7.5000000000,5.0000000000,1.2500000000,-5.0000000000,0.0000000000,0.5000000000,0.0000000000
7.6000000000,5.0000000000,1.3000000000,-5.0000000000,0.0000000000,0.5000000000,0.0000000000
7.7000000000,5.0000000000,1.3500000000,-5.0000000000,0.0000000000,0.5000000000,0.0000000000
7.8000000000,5.0000000000,1.4000000000,-5.0000000000,0.0000000000,0.5000000000,0.0000000000
7.9000000000,5.0000000000,1.4500000000,-5.0000000000,0.0000000000,0.5000000000,0.0000000000
8.0000000000,5.0000000000,1.5000000000,-5.0000000000,0.0000000000,0.5000000000,0.0000000000
8.1000000000,5.0000000000,1.5500000000,-5.0000000000,0.0000000000,0.5000000000,0.0000000000
8.2000000000,5.0000000000,1.6000000000,-5.0000000000,0.0000000000,0.5000000000,0.0000000000
8.3000000000,5.0000000000,1.6500000000,-5.0000000000,0.0000000000,0.5000000000,0.0000000000
8.4000000000,5.0000000000,1.7000000000,-5.0000000000,0.0000000000,0.5000000000,0.0000000000
8.5000000000,5.0000000000,1.7500000000,-5.0000000000,0.0000000000,0.5000000000,0.0000000000
8.6000000000,5.0000000000,1.8000000000,-5.0000000000,0.0000000000,0.5000000000,0.0000000000
8.7000000000,5.0000000000,1.8500000000,-5.0000000000,0.0000000000,0.5000000000,0.0000000000
8.8000000000,5.0000000000,1.9000000000,-5.0000000000,0.0000000000,0.5000000000,0.0000000000
8.9000000000,5.0000000000,1.9500000000,-5.0000000000,0.0000000000,0.5000000000,0.0000000000
9.0000000000,5.0000000000,2.0000000000,-5.0000000000,0.0000000000,0.5000000000,0.0000000000
9.1000000000,5.0000000000,2.0000000000,-5.0200000000,0.0000000000,0.0000000000,-0.2000000000
9.2000000000,5.0000000000,2.0000000000,-5.0400000000,0.0000000000,0.0000000000,-0.2000000000
9.3000000000,5.0000000000,2.0000000000,-5.0600000000,0.0000000000,0.0000000000,-0.2000000000
9.4000000000,5.0000000000,2.0000000000,-5.0800000000,0.0000000000,0.0000000000,-0.2000000000
9.5000000000,5.0000000000,2.0000000000,-5.1000000000,0.0000000000,0.0000000000,-0.2000000000
9.6000000000,5.0000000000,2.0000000000,-5.1200000000,0.0000000000,0.0000000000,-0.2000000000
9.7000000000,5.0000000000,2.0000000000,-5.1400000000,0.0000000000,0.0000000000,-0.2000000000
9.8000000000,5.0000000000,2.0000000000,-5.1600000000,0.0000000000,0.0000000000,-0.2000000000
9.9000000000,5.0000000000,2.0000000000,-5.1800000000,0.0000000000,0.0000000000,-0.2000000000
10.0000000000,5.0000000000,2.0000000000,-5.2000000000,0.0000000000,0.0000000000,-0.2000000000
10.1000000000,5.0000000000,2.0000000000,-5.2200000000,0.0000000000,0.0000000000,-0.2000000000
10.2000000000,5.0000000000,2.0000000000,-5.2400000000,0.0000000000,0.0000000000,-0.2000000000
10.3000000000,5.0000000000,2.0000000000,-5.2600000000,0.0000000000,0.0000000000,-0.2000000000
10.4000000000,5.0000000000,2.0000000000,-5.2800000000,0.0000000000,0.0000000000,-0.2000000000
10.5000000000,5.0000000000,2.0000000000,-5.3000000000,0.0000000000,0.0000000000,-0.2000000000
10.6000000000,5.0000000000,2.0000000000,-5.3200000000,0.0000000000,0.0000000000,-0.2000000000
10.7000000000,5.0000000000,2.0000000000,-5.3400000000,0.0000000000,0.0000000000,-0.2000000000
10.8000000000,5.0000000000,2.0000000000,-5.3600000000,0.0000000000,0.0000000000,-0.2000000000
10.9000000000,5.0000000000,2.0000000000,-5.3800000000,0.0000000000,0.0000000000,-0.2000000000
11.0000000000,5.0000000000,2.0000000000,-5.4000000000,0.0000000000,0.0000000000,-0.2000000000
11.1000000000,5.0000000000,2.0000000000,-5.4200000000,0.0000000000,0.0000000000,-0.2000000000
11.2000000000,5.0000000000,2.0000000000,-5.4400000000,0.0000000000,0.0000000000,-0.2000000000
11.3000000000,5.0000000000,2.0000000000,-5.4600000000,0.0000000000,0.0000000000,-0.2000000000
11.4000000000,5.0000000000,2.0000000000,-5.4800000000,0.0000000000,0.0000000000,-0.2000000000
11.5000000000,5.0000000000,2.0000000000,-5.5000000000,0.0000000000,0.0000000000,-0.2000000000
11.6000000000,5.0000000000,2.0000000000,-5.5200000000,0.0000000000,0.0000000000,-0.2000000000
11.7000000000,5.0000000000,2.0000000000,-5.5400000000,0.0000000000,0.0000000000,-0.2000000000
11.8000000000,5.0000000000,2.0000000000,-5.5600000000,0.0000000000,0.0000000000,-0.2000000000
11.9000000000,5.0000000000,2.0000000000,-5.5800000000,0.0000000000,0.0000000000,-0.2000000000
12.0000000000,5.0000000000,2.0000000000,-5.6000000000,0.0000000000,0.0000000000,-0.2000000000
12.1000000000,4.9500000000,2.0250000000,-5.5900000000,-0.5000000000,0.2500000000,0.1000000000
12.2000000000,4.9000000000,2.0500000000,-5.5800000000,-0.5000000000,0.2500000000,0.1000000000
12.3000000000,4.8500000000,2.0750000000,-5.5700000000,-0.5000000000,0.2500000000,0.1000000000
12.4000000000,4.8000000000,2.1000000000,-5.5600000000,-0.5000000000,0.2500000000,0.1000000000
12.5000000000,4.7500000000,2.1250000000,-5.5500000000,-0.5000000000,0.2500000000,0.1000000000
12.6000000000,4.7000000000,2.1500000000,-5.5400000000,-0.5000000000,0.2500000000,0.1000000000
12.7000000000,4.6500000000,2.1750000000,-5.5300000000,-0.5000000000,0.2500000000,0.1000000000
12.8000000000,4.6000000000,2.2000000000,-5.5200000000,-0.5000000000,0.2500000000,0.1000000000
12.9000000000,4.5500000000,2.2250000000,-5.5100000000,-0.5000000000,0.2500000000,0.1000000000
13.0000000000,4.5000000000,2.2500000000,-5.5000000000,-0.5000000000,0.2500000000,0.1000000000
13.1000000000,4.4500000000,2.2750000000,-5.4900000000,-0.5000000000,0.2500000000,0.1000000000
13.2000000000,4.4000000000,2.3000000000,-5.4800000000,-0.5000000000,0.2500000000,0.1000000000
13.3000000000,4.3500000000,2.3250000000,-5.4700000000,-0.5000000000,0.2500000000,0.1000000000
13.4000000000,4.3000000000,2.3500000000,-5.4600000000,-0.5000000000,0.2500000000,0.1000000000
13.5000000000,4.2500000000,2.3750000000,-5.4500000000,-0.5000000000,0.2500000000,0.1000000000
13.6000000000,4.2000000000,2.4000000000,-5.4400000000,-0.5000000000,0.2500000000,0.1000000000
13.7000000000,4.1500000000,2.4250000000,-5.4300000000,-0.5000000000,0.2500000000,0.1000000000
13.8000000000,4.1000000000,2.4500000000,-5.4200000000,-0.5000000000,0.2500000000,0.1000000000
13.9000000000,4.0500000000,2.4750000000,-5.4100000000,-0.5000000000,0.2500000000,0.1000000000
14.0000000000,4.0000000000,2.5000000000,-5.4000000000,-0.5000000000,0.2500000000,0.1000000000
14.1000000000,3.9500000000,2.5250000000,-5.3900000000,-0.5000000000,0.2500000000,0.1000000000
14.2000000000,3.9000000000,2.5500000000,-5.3800000000,-0.5000000000,0.2500000000,0.1000000000
14.3000000000,3.8500000000,2.5750000000,-5.3700000000,-0.5000000000,0.2500000000,0.1000000000
14.4000000000,3.8000000000,2.6000000000,-5.3600000000,-0.5000000000,0.2500000000,0.1000000000
14.5000000000,3.7500000000,2.6250000000,-5.3500000000,-0.5000000000,0.2500000000,0.1000000000
14.6000000000,3.7000000000,2.6500000000,-5.3400000000,-0.5000000000,0.2500000000,0.1000000000
14.7000000000,3.6500000000,2.6750000000,-5.3300000000,-0.5000000000,0.2500000000,0.1000000000
14.8000000000,3.6000000000,2.7000000000,-5.3200000000,-0.5000000000,0.2500000000,0.1000000000
14.9000000000,3.5500000000,2.7250000000,-5.3100000000,-0.5000000000,0.2500000000,0.1000000000
15.0000000000,3.5000000000,2.7500000000,-5.3000000000,-0.5000000000,0.2500000000,0.1000000000
15.1000000000,3.4500000000,2.7750000000,-5.2900000000,-0.5000000000,0.2500000000,0.1000000000
15.2000000000,3.4000000000,2.8000000000,-5.2800000000,-0.5000000000,0.2500000000,0.1000000000
15.3000000000,3.3500000000,2.8250000000,-5.2700000000,-0.5000000000,0.2500000000,0.1000000000
15.4000000000,3.3000000000,2.8500000000,-5.2600000000,-0.5000000000,0.2500000000,0.1000000000
15.5000000000,3.2500000000,2.8750000000,-5.2500000000,-0.5000000000,0.2500000000,0.1000000000
15.6000000000,3.2000000000,2.9000000000,-5.2400000000,-0.5000000000,0.2500000000,0.1000000000
15.7000000000,3.1500000000,2.9250000000,-5.2300000000,-0.5000000000,0.2500000000,0.1000000000
15.8000000000,3.1000000000,2.9500000000,-5.2200000000,-0.5000000000,0.2500000000,0.1000000000
15.9000000000,3.0500000000,2.9750000000,-5.2100000000,-0.5000000000,0.2500000000,0.1000000000
16.0000000000,3.0000000000,3.0000000000,-5.2000000000,-0.5000000000,0.2500000000,0.1000000000
16.1000000000,2.9500000000,3.0250000000,-5.1900000000,-0.5000000000,0.2500000000,0.1000000000
16.2000000000,2.9000000000,3.0500000000,-5.1800000000,-0.5000000000,0.2500000000,0.1000000000
16.3000000000,2.8500000000,3.0750000000,-5.1700000000,-0.5000000000,0.2500000000,0.1000000000
16.4000000000,2.8000000000,3.1000000000,-5.1600000000,-0.5000000000,0.2500000000,0.1000000000
16.5000000000,2.7500000000,3.1250000000,-5.1500000000,-0.5000000000,0.2500000000,0.1000000000
16.6000000000,2.7000000000,3.1500000000,-5.1400000000,-0.5000000000,0.2500000000,0.1000000000
16.7000000000,2.6500000000,3.1750000000,-5.1300000000,-0.5000000000,0.2500000000,0.1000000000
16.8000000000,2.6000000000,3.2000000000,-5.1200000000,-0.5000000000,0.2500000000,0.1000000000
16.9000000000,2.5500000000,3.2250000000,-5.1100000000,-0.5000000000,0.2500000000,0.1000000000
17.0000000000,2.5000000000,3.2500000000,-5.1000000000,-0.5000000000,0.2500000000,0.1000000000
17.1000000000,2.4500000000,3.2750000000,-5.0900000000,-0.5000000000,0.2500000000,0.1000000000
17.2000000000,2.4000000000,3.3000000000,-5.0800000000,-0.5000000000,0.2500000000,0.1000000000
17.3000000000,2.3500000000,3.3250000000,-5.0700000000,-0.5000000000,0.2500000000,0.1000000000
17.4000000000,2.3000000000,3.3500000000,-5.0600000000,-0.5000000000,0.2500000000,0.1000000000
17.5000000000,2.2500000000,3.3750000000,-5.0500000000,-0.5000000000,0.2500000000,0.1000000000
17.6000000000,2.2000000000,3.4000000000,-5.0400000000,-0.5000000000,0.2500000000,0.1000000000
17.7000000000,2.1500000000,3.4250000000,-5.0300000000,-0.5000000000,0.2500000000,0.1000000000
17.8000000000,2.1000000000,3.4500000000,-5.0200000000,-0.5000000000,0.2500000000,0.1000000000
17.9000000000,2.0500000000,3.4750000000,-5.0100000000,-0.5000000000,0.2500000000,0.1000000000
18.0000000000,2.0000000000,3.5000000000,-5.0000000000,-0.5000000000,0.2500000000,0.1000000000
