metric,value
analytical_terminal_surge_velocity_mps,1.809975124224178
simulated_terminal_surge_velocity_mps,1.8099748021049136
terminal_surge_velocity_error_mps,3.221192643731996e-07
final_surge_acceleration_mps2,2.589806626929203e-07
early_roll_envelope_deg,14.999999999999998
late_roll_envelope_deg,5.0063864214136125
initial_roll_energy_j,0.3342676441042399
final_roll_energy_j,0.025579889824019545
roll_energy_reduction_percent,92.34748254125292
initial_relative_water_speed_mps,0.5678908345800273
final_relative_water_speed_mps,0.017856461772709935
relative_water_speed_reduction_percent,96.85565240968974
final_current_velocity_error_mps,0.017856461772709963
