time_s,yaw_deg,vx_world_mps,vy_world_mps,vz_world_mps,x_numerical_m,y_numerical_m,z_numerical_m,x_exact_m,y_exact_m,z_exact_m,position_error_m
0.000000000000000000e+00,0.000000000000000000e+00,1.000000000000000000e+00,0.000000000000000000e+00,0.000000000000000000e+00,0.000000000000000000e+00,0.000000000000000000e+00,0.000000000000000000e+00,0.000000000000000000e+00,0.000000000000000000e+00,0.000000000000000000e+00,0.000000000000000000e+00
5.000000000000000278e-02,4.500000000000000111e-01,9.999691576447896635e-01,7.853900888711334155e-03,0.000000000000000000e+00,5.000000000000000278e-02,0.000000000000000000e+00,0.000000000000000000e+00,4.999948595968954634e-02,1.963485315328451883e-04,0.000000000000000000e+00,1.963492044102687001e-04
1.000000000000000056e-01,9.000000000000000222e-01,9.998766324816605877e-01,1.570731731182067534e-02,0.000000000000000000e+00,9.999845788223948873e-02,3.926950444355667511e-04,0.000000000000000000e+00,9.999588771556648659e-02,7.853820144279007650e-04,0.000000000000000000e+00,3.926953808723591846e-04
1.500000000000000222e-01,1.350000000000000089e+00,9.997224302180005573e-01,2.355976483361015353e-02,0.000000000000000000e+00,1.499922895063225126e-01,1.178060910026600605e-03,0.000000000000000000e+00,1.499861212540664623e-01,1.767064114326044122e-03,0.000000000000000000e+00,5.890355014860363054e-04
2.000000000000000111e-01,1.800000000000000044e+00,9.995065603657316000e-01,3.141075907812829193e-02,0.000000000000000000e+00,1.999784110172225515e-01,2.356049151707108498e-03,0.000000000000000000e+00,1.999671029421097312e-01,3.141334276450914210e-03,0.000000000000000000e+00,7.853665384434529257e-04
2.500000000000000000e-01,2.250000000000000000e+00,9.992290362407229010e-01,3.925981575906861004e-02,0.000000000000000000e+00,2.499537390355091315e-01,3.926587105613523615e-03,0.000000000000000000e+00,2.499357497173144427e-01,4.908107729346415822e-03,0.000000000000000000e+00,9.816854640780393881e-04
3.000000000000000444e-01,2.700000000000000178e+00,9.988898749619700146e-01,4.710645070964266518e-02,0.000000000000000000e+00,2.999151908475452544e-01,5.889577893566954811e-03,0.000000000000000000e+00,2.998889792781740948e-01,7.067275490102019331e-03,0.000000000000000000e+00,1.177989250907395501e-03
3.500000000000000333e-01,3.150000000000000355e+00,9.984890974505379324e-01,5.495017991244575267e-02,0.000000000000000000e+00,3.498596845956437607e-01,8.244900429049087376e-03,0.000000000000000000e+00,3.498237102741885707e-01,9.618704371081398738e-03,0.000000000000000000e+00,1.374274871686039304e-03
4.000000000000000222e-01,3.600000000000000089e+00,9.980267284282715590e-01,6.279051952931337388e-02,0.000000000000000000e+00,3.997841394681706517e-01,1.099240942467137605e-02,0.000000000000000000e+00,3.997368624959365402e-01,1.256223698813179780e-02,0.000000000000000000e+00,1.570539299445801625e-03
4.500000000000000111e-01,4.049999999999999822e+00,9.975027964162700433e-01,7.062698593116667478e-02,0.000000000000000000e+00,4.496854758895842408e-01,1.413193540113704544e-02,0.000000000000000000e+00,4.496253570650770026e-01,1.589769177029673464e-02,0.000000000000000000e+00,1.766779507547034138e-03
5.000000000000000000e-01,4.500000000000000000e+00,9.969173337331279638e-01,7.845909572784494357e-02,0.000000000000000000e+00,4.995606157103977263e-01,1.766328469769537848e-02,0.000000000000000000e+00,4.994861166242692829e-01,1.962486297101297475e-02,0.000000000000000000e+00,1.962992469722086089e-03
5.500000000000000444e-01,4.950000000000000178e+00,9.962703764929412564e-01,8.628636579792338390e-02,0.000000000000000000e+00,5.494064823970541411e-01,2.158623948408762427e-02,0.000000000000000000e+00,5.493160655269984094e-01,2.374352068080518019e-02,0.000000000000000000e+00,2.159175160125228338e-03
6.000000000000000888e-01,5.400000000000000355e+00,9.955619646030799963e-01,9.410831331851432502e-02,0.000000000000000000e+00,5.992200012217011595e-01,2.590055777398379486e-02,0.000000000000000000e+00,5.991121300272962413e-01,2.825341084146481413e-02,0.000000000000000000e+00,2.355324553376282517e-03
6.500000000000000222e-01,5.850000000000000533e+00,9.947921417617264783e-01,1.019244557950500368e-01,0.000000000000000000e+00,6.489980994518551594e-01,3.060597343990951319e-02,0.000000000000000000e+00,6.488712384693436919e-01,3.315425526172322696e-02,0.000000000000000000e+00,2.551437624608917255e-03
7.000000000000000666e-01,6.300000000000000711e+00,9.939609554551797066e-01,1.097343110910452835e-01,0.000000000000000000e+00,6.987377065399414944e-01,3.570219622966201711e-02,0.000000000000000000e+00,6.985903214769461078e-01,3.844575163441179416e-02,0.000000000000000000e+00,2.747511349517207501e-03
7.500000000000000000e-01,6.750000000000000000e+00,9.930684569549262930e-01,1.175373974578376446e-01,0.000000000000000000e+00,7.484357543127004853e-01,4.118891178421428545e-02,0.000000000000000000e+00,7.482663121428654307e-01,4.412757355510915636e-02,0.000000000000000000e+00,2.943542704401855802e-03
8.000000000000000444e-01,7.200000000000000178e+00,9.921147013144778759e-01,1.253332335643042583e-01,0.000000000000000000e+00,7.980891771604468055e-01,4.706578165710616907e-02,0.000000000000000000e+00,7.978961462180028663e-01,5.019937054227483625e-02,0.000000000000000000e+00,3.139528666216221450e-03
8.500000000000000888e-01,7.650000000000001243e+00,9.910997473659748369e-01,1.331213385265523630e-01,0.000000000000000000e+00,8.476949122261706604e-01,5.333244333532138198e-02,0.000000000000000000e+00,8.474767623004151318e-01,5.666076805887065859e-02,0.000000000000000000e+00,3.335466212615038461e-03
9.000000000000000222e-01,8.099999999999999645e+00,9.900236577165575369e-01,1.409012319375826661e-01,0.000000000000000000e+00,8.972498995944694355e-01,5.998851026164900291e-02,0.000000000000000000e+00,8.970051020241567308e-01,6.351136753546218761e-02,0.000000000000000000e+00,3.531352321999246032e-03
9.500000000000000666e-01,8.550000000000000711e+00,9.888864987445046273e-01,1.486724338969230008e-01,0.000000000000000000e+00,9.467510824802972680e-01,6.703357185852813760e-02,0.000000000000000000e+00,9.464781102479341568e-01,7.075074639480294358e-02,0.000000000000000000e+00,3.727183973561154669e-03
1.000000000000000000e+00,9.000000000000000000e+00,9.876883405951377704e-01,1.564344650402308690e-01,0.000000000000000000e+00,9.961954074175225493e-01,7.446719355337429180e-02,0.000000000000000000e+00,9.958927352435614777e-01,7.837845807790586039e-02,0.000000000000000000e+00,3.922958147335946222e-03
1.050000000000000044e+00,9.450000000000001066e+00,9.864292571764954332e-01,1.641868465688629541e-01,0.000000000000000000e+00,1.045579824447279371e+00,8.228891680538583109e-02,0.000000000000000000e+00,1.045245928884205533e+00,8.639403207158466436e-02,0.000000000000000000e+00,4.118671824243722718e-03
1.100000000000000089e+00,9.900000000000000355e+00,9.851093261547738678e-01,1.719291002794095524e-01,0.000000000000000000e+00,1.094901287306104143e+00,9.049825913382897324e-02,0.000000000000000000e+00,1.094534646832407754e+00,9.479697393747758827e-02,0.000000000000000000e+00,4.314321986136415016e-03
1.150000000000000133e+00,1.035000000000000142e+01,9.837286289495358327e-01,1.796607485931925596e-01,0.000000000000000000e+00,1.144156753613842836e+00,9.909471414779945364e-02,0.000000000000000000e+00,1.143755848727875168e+00,1.035867653425495277e-01,0.000000000000000000e+00,4.509905615847000816e-03
1.200000000000000178e+00,1.080000000000000071e+01,9.822872507286887211e-01,1.873813145857246287e-01,0.000000000000000000e+00,1.193343185061319645e+00,1.080777515774590802e-01,0.000000000000000000e+00,1.192906498375021718e+00,1.127628640910623009e-01,0.000000000000000000e+00,4.705419697233324643e-03
1.250000000000000000e+00,1.125000000000000000e+01,9.807852804032304306e-01,1.950903220161282481e-01,0.000000000000000000e+00,1.242457547597754175e+00,1.174468173067453047e-01,0.000000000000000000e+00,1.241983563930257217e+00,1.223247041580234895e-01,0.000000000000000000e+00,4.900861215228040531e-03
1.300000000000000044e+00,1.170000000000000107e+01,9.792228106217657491e-01,2.027872953565124925e-01,0.000000000000000000e+00,1.291496811617915741e+00,1.272013334075517144e-01,0.000000000000000000e+00,1.290984018089004870e+00,1.322716957240961944e-01,0.000000000000000000e+00,5.096227155879844671e-03
1.350000000000000089e+00,1.215000000000000036e+01,9.775999377647907052e-01,2.104717598213056706e-01,0.000000000000000000e+00,1.340457952149004095e+00,1.373406981753773348e-01,0.000000000000000000e+00,1.339904838272438781e+00,1.426032252119859844e-01,0.000000000000000000e+00,5.291514506404203927e-03
1.400000000000000133e+00,1.260000000000000142e+01,9.759167619387474346e-01,2.181432413965425643e-01,0.000000000000000000e+00,1.389337949037243725e+00,1.478642861664426211e-01,0.000000000000000000e+00,1.388743006813932812e+00,1.533186553242888162e-01,0.000000000000000000e+00,5.486720255229160341e-03
1.450000000000000178e+00,1.305000000000000071e+01,9.741733869698493420e-01,2.258012668691037061e-01,0.000000000000000000e+00,1.438133787134181052e+00,1.587714482362697632e-01,0.000000000000000000e+00,1.437495511145203020e+00,1.644173250828012411e-01,0.000000000000000000e+00,5.681841392040621296e-03
1.500000000000000000e+00,1.350000000000000000e+01,9.723699203976765570e-01,2.334453638559053912e-01,0.000000000000000000e+00,1.486842456482673436e+00,1.700615115797249610e-01,0.000000000000000000e+00,1.486159343982137004e+00,1.758985498692930416e-01,0.000000000000000000e+00,5.876874907829244751e-03
1.550000000000000044e+00,1.395000000000000107e+01,9.705064734685424632e-01,2.410750608330386457e-01,0.000000000000000000e+00,1.535460952502557319e+00,1.817337797725202264e-01,0.000000000000000000e+00,1.534731503510299078e+00,1.877616214677371997e-01,0.000000000000000000e+00,6.071817794936109312e-03
1.600000000000000089e+00,1.440000000000000036e+01,9.685831611286310761e-01,2.486898871648547948e-01,0.000000000000000000e+00,1.583986276175984420e+00,1.937875328141721587e-01,0.000000000000000000e+00,1.583208993570093703e+00,2.000058081079986727e-01,0.000000000000000000e+00,6.266667047101950883e-03
1.650000000000000133e+00,1.485000000000000142e+01,9.666001020169072699e-01,2.562893731329966562e-01,0.000000000000000000e+00,1.632415434232415974e+00,2.062220271724148901e-01,0.000000000000000000e+00,1.631588823841584546e+00,2.126303545109693438e-01,0.000000000000000000e+00,6.461419659509424866e-03
1.700000000000000178e+00,1.530000000000000249e+01,9.645574184577980770e-01,2.638730499653729189e-01,0.000000000000000000e+00,1.680745439333261260e+00,2.190364958290647313e-01,0.000000000000000000e+00,1.679868010028951364e+00,2.256344819351603082e-01,0.000000000000000000e+00,6.656072628832412214e-03
1.750000000000000000e+00,1.575000000000000000e+01,9.624552364536472782e-01,2.714404498650742625e-01,0.000000000000000000e+00,1.728973310256151086e+00,2.322301483273333800e-01,0.000000000000000000e+00,1.728043574044574759e+00,2.390173882247373927e-01,0.000000000000000000e+00,6.850622953281630505e-03
1.800000000000000044e+00,1.619999999999999929e+01,9.602936856769430651e-01,2.789911060392292752e-01,0.000000000000000000e+00,1.777096072078833355e+00,2.458021708205870848e-01,0.000000000000000000e+00,1.776112544192739007e+00,2.527782478590014370e-01,0.000000000000000000e+00,7.045067632650319628e-03
1.850000000000000089e+00,1.665000000000000213e+01,9.580728994623192163e-01,2.865245527277983095e-01,0.000000000000000000e+00,1.825110756362680497e+00,2.597517261225485430e-01,0.000000000000000000e+00,1.824071955352940311e+00,2.669162120033103935e-01,0.000000000000000000e+00,7.239403668360615274e-03
1.900000000000000133e+00,1.710000000000000142e+01,9.557930147983301206e-01,2.940403252323040006e-01,0.000000000000000000e+00,1.873014401335796553e+00,2.740779537589384529e-01,0.000000000000000000e+00,1.871918849162789833e+00,2.814304085614411921e-01,0.000000000000000000e+00,7.433628063511473275e-03
1.950000000000000178e+00,1.755000000000000071e+01,9.534541723190012030e-01,3.015379599444957259e-01,0.000000000000000000e+00,1.920804052075713031e+00,2.887799700205536668e-01,0.000000000000000000e+00,1.919650274200497497e+00,2.963199422293812391e-01,0.000000000000000000e+00,7.627737822921617020e-03
2.000000000000000000e+00,1.800000000000000000e+01,9.510565162951535312e-01,3.090169943749473958e-01,0.000000000000000000e+00,1.968476760691663108e+00,3.038568680177784476e-01,0.000000000000000000e+00,1.967263286166931913e+00,3.115838945505579050e-01,0.000000000000000000e+00,7.821729953178473138e-03
2.050000000000000266e+00,1.845000000000000284e+01,9.486001946255046002e-01,3.164769671815861329e-01,0.000000000000000000e+00,2.016029586506420834e+00,3.193077177365258312e-01,0.000000000000000000e+00,2.014754948067238871e+00,3.272213239724924838e-01,0.000000000000000000e+00,8.015601462683291656e-03
2.100000000000000089e+00,1.890000000000000213e+01,9.460853588275452974e-01,3.239174181981493983e-01,0.000000000000000000e+00,2.063459596237696037e+00,3.351315660956051268e-01,0.000000000000000000e+00,2.062122330392005320e+00,3.432312659048794568e-01,0.000000000000000000e+00,8.209349361697888120e-03
2.149999999999999911e+00,1.934999999999999787e+01,9.435121640281936006e-01,3.313378884625709508e-01,0.000000000000000000e+00,2.110763864179073135e+00,3.513274370055126106e-01,0.000000000000000000e+00,2.109362511297970144e+00,3.596127327790866746e-01,0.000000000000000000e+00,8.402970662389574671e-03
2.200000000000000178e+00,1.980000000000000071e+01,9.408807689542254549e-01,3.387379202452914240e-01,0.000000000000000000e+00,2.157939472380483004e+00,3.678943314286411415e-01,0.000000000000000000e+00,2.156472576788253548e+00,3.763647141090744053e-01,0.000000000000000000e+00,8.596462378879232702e-03
2.250000000000000000e+00,2.025000000000000000e+01,9.381913359224841598e-01,3.461170570774929622e-01,0.000000000000000000e+00,2.204983510828194326e+00,3.848312274409056988e-01,0.000000000000000000e+00,2.203449620892107497e+00,3.934861765537244205e-01,0.000000000000000000e+00,8.789821527284273281e-03
2.300000000000000266e+00,2.070000000000000284e+01,9.354440308298672679e-01,3.534748437792571973e-01,0.000000000000000000e+00,2.251893077624318451e+00,4.021370802947803469e-01,0.000000000000000000e+00,2.250290745844170992e+00,4.109760639805850047e-01,0.000000000000000000e+00,8.983045125768401168e-03
2.350000000000000089e+00,2.115000000000000213e+01,9.326390231430941036e-01,3.608108264876417892e-01,0.000000000000000000e+00,2.298665279165811981e+00,4.198108224837431846e-01,0.000000000000000000e+00,2.296993062263214203e+00,4.288332975310135131e-01,0.000000000000000000e+00,9.176130194583629815e-03
2.400000000000000355e+00,2.160000000000000142e+01,9.297764858882513472e-01,3.681245526846779748e-01,0.000000000000000000e+00,2.345297230322966886e+00,4.378513638081252823e-01,0.000000000000000000e+00,2.343553689330374112e+00,4.470567756867306897e-01,0.000000000000000000e+00,9.369073756120234464e-03
2.450000000000000178e+00,2.205000000000000071e+01,9.268565956401207950e-01,3.754155712252830734e-01,0.000000000000000000e+00,2.391786054617379254e+00,4.562575914423591672e-01,0.000000000000000000e+00,2.389969754966852378e+00,4.656453743377625965e-01,0.000000000000000000e+00,9.561872834948874703e-03
2.500000000000000000e+00,2.250000000000000000e+01,9.238795325112867385e-01,3.826834323650897818e-01,0.000000000000000000e+00,2.438128884399385132e+00,4.750283700036233014e-01,0.000000000000000000e+00,2.436238396011082052e+00,4.845979468517851996e-01,0.000000000000000000e+00,9.754524457870049695e-03
2.550000000000000266e+00,2.295000000000000284e+01,9.208454801410261847e-01,3.899276877881883152e-01,0.000000000000000000e+00,2.484322861024949258e+00,4.941625416218777822e-01,0.000000000000000000e+00,2.482356758395337870e+00,5.039133241448511269e-01,0.000000000000000000e+00,9.947025653957429839e-03
2.600000000000000089e+00,2.340000000000000213e+01,9.177546256839811400e-01,3.971478906347806204e-01,0.000000000000000000e+00,2.530365135032000445e+00,5.136589260112871536e-01,0.000000000000000000e+00,2.528321997321791414e+00,5.235903147535044821e-01,0.000000000000000000e+00,1.013937345460355806e-02
2.650000000000000355e+00,2.385000000000000142e+01,9.146071597986136226e-01,4.043435955287449923e-01,0.000000000000000000e+00,2.576252866316199430e+00,5.335163205430262234e-01,0.000000000000000000e+00,2.574131277437990306e+00,5.436277049082784973e-01,0.000000000000000000e+00,1.033156489356809767e-02
2.700000000000000178e+00,2.430000000000000071e+01,9.114032766354452919e-01,4.115143586051088209e-01,0.000000000000000000e+00,2.621983224306130289e+00,5.537335003194634453e-01,0.000000000000000000e+00,2.619781773011756520e+00,5.640242586085639775e-01,0.000000000000000000e+00,1.052359700702147106e-02
2.750000000000000000e+00,2.475000000000000000e+01,9.081431738250812513e-01,4.186597375374280783e-01,0.000000000000000000e+00,2.667553388137902548e+00,5.743092182497189224e-01,0.000000000000000000e+00,2.665270668105488294e+00,5.847787176988527014e-01,0.000000000000000000e+00,1.071546683359142493e-02
2.800000000000000266e+00,2.520000000000000284e+01,9.048270524660194658e-01,4.257792915650727150e-01,0.000000000000000000e+00,2.712960546829156439e+00,5.952422051265903180e-01,0.000000000000000000e+00,2.710595156749866508e+00,6.058898019463445639e-01,0.000000000000000000e+00,1.090717141440639311e-02
2.850000000000000089e+00,2.565000000000000213e+01,9.014551171122456852e-01,4.328725815204139682e-01,0.000000000000000000e+00,2.758201899452457528e+00,6.165311697048440065e-01,0.000000000000000000e+00,2.755752443116932682e+00,6.273562091199211821e-01,0.000000000000000000e+00,1.109870779314498478e-02
2.900000000000000355e+00,2.610000000000000142e+01,8.980275757606156484e-01,4.399391698559151354e-01,0.000000000000000000e+00,2.803274655308069629e+00,6.381747987808646938e-01,0.000000000000000000e+00,2.800739741692554130e+00,6.491766150704730842e-01,0.000000000000000000e+00,1.129007301608002910e-02
2.950000000000000178e+00,2.655000000000000071e+01,8.945446398380251241e-01,4.469786206711211518e-01,0.000000000000000000e+00,2.848176034096100206e+00,6.601717572736605089e-01,0.000000000000000000e+00,2.845554277448246516e+00,6.713496738125775964e-01,0.000000000000000000e+00,1.148126413212243770e-02
3.000000000000000000e+00,2.700000000000000000e+01,8.910065241883678988e-01,4.539904997395467490e-01,0.000000000000000000e+00,2.892903266088001413e+00,6.825206883072165720e-01,0.000000000000000000e+00,2.890193286012347595e+00,6.938740176075272048e-01,0.000000000000000000e+00,1.167227819286931548e-02
3.050000000000000266e+00,2.745000000000000284e+01,8.874134470592831558e-01,4.609743745354624167e-01,0.000000000000000000e+00,2.937453592297419647e+00,7.052202132941939317e-01,0.000000000000000000e+00,2.934654013840543030e+00,7.167482570476980674e-01,0.000000000000000000e+00,1.186311225264742239e-02
3.100000000000000089e+00,2.790000000000000213e+01,8.837656300886934657e-01,4.679298142605733957e-01,0.000000000000000000e+00,2.981824264650383860e+00,7.282689320209670969e-01,0.000000000000000000e+00,2.978933718385708751e+00,7.399709811422522376e-01,0.000000000000000000e+00,1.205376336855828491e-02
3.150000000000000355e+00,2.835000000000000142e+01,8.800632982911319457e-01,4.748563898705945863e-01,0.000000000000000000e+00,3.026012546154818406e+00,7.516654227339957250e-01,0.000000000000000000e+00,3.023029668267094294e+00,7.635407574041809253e-01,0.000000000000000000e+00,1.224422860052751943e-02
3.200000000000000178e+00,2.880000000000000071e+01,8.763066800438635839e-01,4.817536741017153235e-01,0.000000000000000000e+00,3.070015711069375097e+00,7.754082422275254682e-01,0.000000000000000000e+00,3.066939143438800031e+00,7.874561319386598202e-01,0.000000000000000000e+00,1.243450501134481245e-02
3.250000000000000000e+00,2.925000000000000000e+01,8.724960070727971750e-01,4.886212414969549056e-01,0.000000000000000000e+00,3.113831045071568493e+00,7.994959259326112067e-01,0.000000000000000000e+00,3.110659435357564728e+00,8.117156295327356830e-01,0.000000000000000000e+00,1.262458966671226555e-02
3.300000000000000266e+00,2.970000000000000284e+01,8.686315144381911990e-01,4.954586684324076007e-01,0.000000000000000000e+00,3.157455845425208185e+00,8.239269880074590047e-01,0.000000000000000000e+00,3.154187847149843016e+00,8.363177537463262201e-01,0.000000000000000000e+00,1.281447963529051479e-02
3.350000000000000089e+00,3.015000000000000213e+01,8.647134405201550855e-01,5.022655331433725223e-01,0.000000000000000000e+00,3.200887421147117884e+00,8.486999214290793514e-01,0.000000000000000000e+00,3.197521693778157204e+00,8.612609870045213611e-01,0.000000000000000000e+00,1.300417198873981758e-02
3.400000000000000355e+00,3.060000000000000497e+01,8.607420270039436438e-01,5.090414157503713177e-01,0.000000000000000000e+00,3.244123093173125749e+00,8.738131980862480219e-01,0.000000000000000000e+00,3.240658302206727459e+00,8.865437906912019272e-01,0.000000000000000000e+00,1.319366380177023658e-02
3.450000000000000178e+00,3.105000000000000071e+01,8.567175188650496542e-01,5.157858982850475060e-01,0.000000000000000000e+00,3.287160194523322865e+00,8.992652688737665656e-01,0.000000000000000000e+00,3.283595011566354582e+00,9.121646052439437158e-01,0.000000000000000000e+00,1.338295215218346899e-02
3.500000000000000000e+00,3.150000000000000000e+01,8.526401643540921782e-01,5.224985647159487989e-01,0.000000000000000000e+00,3.329996070466575198e+00,9.250545637880189798e-01,0.000000000000000000e+00,3.326329173318553156e+00,9.381218502502204348e-01,0.000000000000000000e+00,1.357203412091959049e-02
3.550000000000000266e+00,3.195000000000000284e+01,8.485102149815036965e-01,5.291790009741906831e-01,0.000000000000000000e+00,3.372628078684279718e+00,9.511794920238164641e-01,0.000000000000000000e+00,3.368858151418934188e+00,9.644139245448896114e-01,0.000000000000000000e+00,1.376090679209891927e-02
3.600000000000000089e+00,3.239999999999999858e+01,8.443279255020150753e-01,5.358267949789966567e-01,0.000000000000000000e+00,3.415053589433354908e+00,9.776384420725260371e-01,0.000000000000000000e+00,3.411179322479795495e+00,9.910392063089633607e-01,0.000000000000000000e+00,1.394956725307348530e-02
3.650000000000000355e+00,3.285000000000000142e+01,8.400935538989418028e-01,5.424415366631187840e-01,0.000000000000000000e+00,3.457269985708455451e+00,1.004429781821475798e+00,0.000000000000000000e+00,3.453290075931957581e+00,1.017996053169645920e+00,0.000000000000000000e+00,1.413801259446478657e-02
3.700000000000000178e+00,3.330000000000000426e+01,8.358073613682702740e-01,5.490228179981317957e-01,0.000000000000000000e+00,3.499274663403402652e+00,1.031551858654631726e+00,0.000000000000000000e+00,3.495187814185787278e+00,1.045282802301643388e+00,0.000000000000000000e+00,1.432623991021137778e-02
3.750000000000000000e+00,3.375000000000000000e+01,8.314696123025452357e-01,5.555702330196021776e-01,0.000000000000000000e+00,3.541065031471815949e+00,1.059002999554538249e+00,0.000000000000000000e+00,3.536869952791433125e+00,1.072897770529738892e+00,0.000000000000000000e+00,1.451424629761672268e-02
3.800000000000000266e+00,3.420000000000000284e+01,8.270805742745618305e-01,5.620833778521305835e-01,0.000000000000000000e+00,3.582638512086943283e+00,1.086781511205518358e+00,0.000000000000000000e+00,3.578333920598246287e+00,1.100839254432613545e+00,0.000000000000000000e+00,1.470202885738914646e-02
3.850000000000000089e+00,3.464999999999999858e+01,8.226405180208598011e-01,5.685618507342639072e-01,0.000000000000000000e+00,3.623992540800671236e+00,1.114885680098124832e+00,0.000000000000000000e+00,3.619577159913379028e+00,1.129105530447923833e+00,0.000000000000000000e+00,1.488958469368921456e-02
3.900000000000000355e+00,3.510000000000000142e+01,8.181497174250234039e-01,5.750052520432785697e-01,0.000000000000000000e+00,3.665124566701714048e+00,1.143313772634838132e+00,0.000000000000000000e+00,3.660597126659557610e+00,1.157694854978619459e+00,0.000000000000000000e+00,1.507691091417404788e-02
3.950000000000000178e+00,3.555000000000000426e+01,8.136084495007870343e-01,5.814131843198305782e-01,0.000000000000000000e+00,3.706032052572965085e+00,1.172064035237001978e+00,0.000000000000000000e+00,3.701391290532011880e+00,1.186605464500495088e+00,0.000000000000000000e+00,1.526400463004142123e-02
4.000000000000000000e+00,3.600000000000000000e+01,8.090169943749474513e-01,5.877852522924731371e-01,0.000000000000000000e+00,3.746712475048004531e+00,1.201134694452993479e+00,0.000000000000000000e+00,3.741957135154556635e+00,1.215835575670974666e+00,0.000000000000000000e+00,1.545086295607494935e-02
4.049999999999999822e+00,3.644999999999999574e+01,8.043756352700844880e-01,5.941210629020384770e-01,0.000000000000000000e+00,3.787163324766751771e+00,1.230523957067617191e+00,0.000000000000000000e+00,3.782292158234812351e+00,1.245383385439115420e+00,0.000000000000000000e+00,1.563748301068855831e-02
4.100000000000000533e+00,3.690000000000000568e+01,7.996846584870904717e-01,6.004202253258841271e-01,0.000000000000000000e+00,3.827382106530255790e+00,1.260230010212719076e+00,0.000000000000000000e+00,3.822393871718563041e+00,1.275247071156828005e+00,0.000000000000000000e+00,1.582386191596934708e-02
4.150000000000000355e+00,3.735000000000000142e+01,7.949443533875100165e-01,6.066823510019997423e-01,0.000000000000000000e+00,3.867366339454610280e+00,1.290251021479013271e+00,0.000000000000000000e+00,3.862259801943221937e+00,1.305424790691305903e+00,0.000000000000000000e+00,1.600999679772410061e-02
4.200000000000000178e+00,3.780000000000000426e+01,7.901550123756903021e-01,6.129070536529764857e-01,0.000000000000000000e+00,3.907113557123985892e+00,1.320585139029113231e+00,0.000000000000000000e+00,3.901887489790428987e+00,1.335914682538659859e+00,0.000000000000000000e+00,1.619588478552356700e-02
4.250000000000000000e+00,3.825000000000000000e+01,7.853169308807449456e-01,6.190939493098339685e-01,0.000000000000000000e+00,3.946621307742770313e+00,1.351230491711762127e+00,0.000000000000000000e+00,3.941274490837734845e+00,1.366714865938738921e+00,0.000000000000000000e+00,1.638152301274323555e-02
4.299999999999999822e+00,3.869999999999999574e+01,7.804304073383298013e-01,6.252426563357050826e-01,0.000000000000000000e+00,3.985887154286807732e+00,1.382185189177253859e+00,0.000000000000000000e+00,3.980418375509385154e+00,1.397823440991150523e+00,0.000000000000000000e+00,1.656690861661372013e-02
4.350000000000000533e+00,3.915000000000000568e+01,7.754957431722343530e-01,6.313527954493778349e-01,0.000000000000000000e+00,4.024908674653723928e+00,1.413447321994039108e+00,0.000000000000000000e+00,4.019316729226191320e+00,1.429238488772452076e+00,0.000000000000000000e+00,1.675203873825978004e-02
4.400000000000000355e+00,3.960000000000000142e+01,7.705132427757891422e-01,6.374239897486897455e-01,0.000000000000000000e+00,4.063683461812336084e+00,1.445014961766508010e+00,0.000000000000000000e+00,4.057967152554463830e+00,1.460958071454515395e+00,0.000000000000000000e+00,1.693691052274502035e-02
4.450000000000000178e+00,4.005000000000000426e+01,7.654832134930881216e-01,6.434558647337789150e-01,0.000000000000000000e+00,4.102209123951125136e+00,1.476886161253942564e+00,0.000000000000000000e+00,4.096367261354036060e+00,1.492980232424069298e+00,0.000000000000000000e+00,1.712152111911709879e-02
4.500000000000000000e+00,4.050000000000000000e+01,7.604059656000309309e-01,6.494480483301836582e-01,0.000000000000000000e+00,4.140483284625779525e+00,1.509058954490631432e+00,0.000000000000000000e+00,4.134514686925315097e+00,1.525302996403387734e+00,0.000000000000000000e+00,1.730586768045372023e-02
4.549999999999999822e+00,4.094999999999999574e+01,7.552818122851836513e-01,6.554001709117938113e-01,0.000000000000000000e+00,4.178503582905781499e+00,1.541531356907140715e+00,0.000000000000000000e+00,4.172407076155400851e+00,1.557924369572134315e+00,0.000000000000000000e+00,1.748994736390242430e-02
4.600000000000000533e+00,4.140000000000000568e+01,7.501110696304594816e-01,6.613118653236519373e-01,0.000000000000000000e+00,4.216267673520040837e+00,1.574301365452730472e+00,0.000000000000000000e+00,4.210042091663239283e+00,1.590842339690352825e+00,0.000000000000000000e+00,1.767375733072690594e-02
4.650000000000000355e+00,4.185000000000000142e+01,7.448940565916220002e-01,6.671827669045996556e-01,0.000000000000000000e+00,4.253773227001564017e+00,1.607366958718912997e+00,0.000000000000000000e+00,4.247417411943793297e+00,1.624054876222587041e+00,0.000000000000000000e+00,1.785729474634989433e-02
4.700000000000000178e+00,4.230000000000000426e+01,7.396310949786096822e-01,6.730125135097733136e-01,0.000000000000000000e+00,4.291017929831145494e+00,1.640726097064143074e+00,0.000000000000000000e+00,4.284530731511257073e+00,1.657559930463139208e+00,0.000000000000000000e+00,1.804055678039679853e-02
4.750000000000000000e+00,4.275000000000000000e+01,7.343225094356855553e-01,6.788007455329416739e-01,0.000000000000000000e+00,4.327999484580075773e+00,1.674376722739631784e+00,0.000000000000000000e+00,4.321379761041258760e+00,1.691355435662441176e+00,0.000000000000000000e+00,1.822354060674112250e-02
4.800000000000000711e+00,4.320000000000000284e+01,7.289686274214115524e-01,6.845471059286887261e-01,0.000000000000000000e+00,4.364715610051860040e+00,1.708316760016278968e+00,0.000000000000000000e+00,4.357962227512084397e+00,1.725439307154541302e+00,0.000000000000000000e+00,1.840624340354549832e-02
4.850000000000000533e+00,4.365000000000000568e+01,7.235697791884492247e-01,6.902512402344371800e-01,0.000000000000000000e+00,4.401164041422930495e+00,1.742544115312713471e+00,0.000000000000000000e+00,4.394275874344881316e+00,1.759809442485697151e+00,0.000000000000000000e+00,1.858866235330797548e-02
4.900000000000000355e+00,4.410000000000000142e+01,7.181262977631888145e-01,6.959127965923144199e-01,0.000000000000000000e+00,4.437342530382353267e+00,1.777056677324435396e+00,0.000000000000000000e+00,4.430318461542861463e+00,1.794463721544061530e+00,0.000000000000000000e+00,1.877079464290042771e-02
4.950000000000000178e+00,4.455000000000000426e+01,7.126385189252053554e-01,7.015314257708556989e-01,0.000000000000000000e+00,4.473248845270513030e+00,1.811852317154051040e+00,0.000000000000000000e+00,4.466087765829469980e+00,1.829400006690468095e+00,0.000000000000000000e+00,1.895263746361993892e-02
5.000000000000000000e+00,4.500000000000000000e+01,7.071067811865475727e-01,7.071067811865474617e-01,0.000000000000000000e+00,4.508880771216773553e+00,1.846928888442593841e+00,0.000000000000000000e+00,4.501581580785530612e+00,1.864616142890282990e+00,0.000000000000000000e+00,1.913418801122347343e-02
5.050000000000000711e+00,4.545000000000000284e+01,7.015314257708556989e-01,7.126385189252054664e-01,0.000000000000000000e+00,4.544236110276100860e+00,1.882284227501921148e+00,0.000000000000000000e+00,4.536797716985346618e+00,1.900109957846344289e+00,0.000000000000000000e+00,1.931544348597840494e-02
5.100000000000000533e+00,4.590000000000000568e+01,6.959127965923141979e-01,7.181262977631889255e-01,0.000000000000000000e+00,4.579312681564643661e+00,1.917916153448181449e+00,0.000000000000000000e+00,4.571734002131752739e+00,1.935879262132953693e+00,0.000000000000000000e+00,1.949640109270077415e-02
5.150000000000000355e+00,4.635000000000000142e+01,6.902512402344370690e-01,7.235697791884493357e-01,0.000000000000000000e+00,4.614108321394259526e+00,1.953822468336340989e+00,0.000000000000000000e+00,4.606388281190117340e+00,1.971921849330933396e+00,0.000000000000000000e+00,1.967705804079930565e-02
5.200000000000000178e+00,4.680000000000000426e+01,6.845471059286886151e-01,7.289686274214115524e-01,0.000000000000000000e+00,4.648620883405981452e+00,1.990000957295763540e+00,0.000000000000000000e+00,4.640758416521272522e+00,2.008235496163730094e+00,0.000000000000000000e+00,1.985741154432086458e-02
5.250000000000000000e+00,4.725000000000000000e+01,6.788007455329417850e-01,7.343225094356855553e-01,0.000000000000000000e+00,4.682848238702415955e+00,2.026449388666834217e+00,0.000000000000000000e+00,4.674842288013373093e+00,2.044817962634554398e+00,0.000000000000000000e+00,2.003745882199120878e-02
5.300000000000000711e+00,4.770000000000000284e+01,6.730125135097733136e-01,7.396310949786096822e-01,0.000000000000000000e+00,4.716788275979062917e+00,2.063165514138618484e+00,0.000000000000000000e+00,4.708637793212674616e+00,2.081666992164556973e+00,0.000000000000000000e+00,2.021719709726047670e-02
5.350000000000000533e+00,4.815000000000000568e+01,6.671827669045995446e-01,7.448940565916221113e-01,0.000000000000000000e+00,4.750438901654551849e+00,2.100147068887548762e+00,0.000000000000000000e+00,4.742142847453227894e+00,2.118780311732021193e+00,0.000000000000000000e+00,2.039662359834067823e-02
5.400000000000000355e+00,4.860000000000000142e+01,6.613118653236518263e-01,7.501110696304595926e-01,0.000000000000000000e+00,4.783798039999782148e+00,2.137391771717129796e+00,0.000000000000000000e+00,4.775355383985462332e+00,2.156155632012575207e+00,0.000000000000000000e+00,2.057573555825218531e-02
5.450000000000000178e+00,4.905000000000000426e+01,6.554001709117939223e-01,7.552818122851836513e-01,0.000000000000000000e+00,4.816863633265964673e+00,2.174897325198652975e+00,0.000000000000000000e+00,4.808273354103679509e+00,2.193790647520412307e+00,0.000000000000000000e+00,2.075453021486827268e-02
5.500000000000000000e+00,4.950000000000000000e+01,6.494480483301836582e-01,7.604059656000309309e-01,0.000000000000000000e+00,4.849633641811553986e+00,2.212661415812912313e+00,0.000000000000000000e+00,4.840894727272425868e+00,2.231683036750498950e+00,0.000000000000000000e+00,2.093300481095389937e-02
5.550000000000000711e+00,4.995000000000000284e+01,6.434558647337789150e-01,7.654832134930881216e-01,0.000000000000000000e+00,4.882106044228063269e+00,2.250681714092913843e+00,0.000000000000000000e+00,4.873217491251744526e+00,2.269830462321777986e+00,0.000000000000000000e+00,2.111115659420990595e-02
5.600000000000000533e+00,5.040000000000000568e+01,6.374239897486896345e-01,7.705132427757892533e-01,0.000000000000000000e+00,4.914278837464752137e+00,2.288955874767568233e+00,0.000000000000000000e+00,4.905239652221299096e+00,2.308230571121350660e+00,0.000000000000000000e+00,2.128898281731592818e-02
5.650000000000000355e+00,5.085000000000000142e+01,6.313527954493776129e-01,7.754957431722344641e-01,0.000000000000000000e+00,4.946150036952186468e+00,2.327481536906357729e+00,0.000000000000000000e+00,4.936959234903362415e+00,2.346880994449624502e+00,0.000000000000000000e+00,2.146648073797096865e-02
5.700000000000000178e+00,5.130000000000000426e+01,6.252426563357051936e-01,7.804304073383296902e-01,0.000000000000000000e+00,4.977717676724655149e+00,2.366256324064969441e+00,0.000000000000000000e+00,4.968374282684663079e+00,2.385779348166428449e+00,0.000000000000000000e+00,2.164364761893679961e-02
5.750000000000000000e+00,5.175000000000000000e+01,6.190939493098339685e-01,7.853169308807449456e-01,0.000000000000000000e+00,5.008979809541440176e+00,2.405277844431886081e+00,0.000000000000000000e+00,4.999482857737074681e+00,2.424923232838079201e+00,0.000000000000000000e+00,2.182048072808269110e-02
5.800000000000000711e+00,5.220000000000000284e+01,6.129070536529764857e-01,7.901550123756904132e-01,0.000000000000000000e+00,5.039934507006932130e+00,2.444543690975923500e+00,0.000000000000000000e+00,5.030283041137154854e+00,2.464310233885385060e+00,0.000000000000000000e+00,2.199697733842221822e-02
5.850000000000000533e+00,5.265000000000000568e+01,6.066823510019996313e-01,7.949443533875101275e-01,0.000000000000000000e+00,5.070579859689581248e+00,2.484051441594707921e+00,0.000000000000000000e+00,5.060772932984509254e+00,2.503937921732592553e+00,0.000000000000000000e+00,2.217313472815998429e-02
5.900000000000000355e+00,5.310000000000000142e+01,6.004202253258840161e-01,7.996846584870905827e-01,0.000000000000000000e+00,5.100913977239681429e+00,2.523798659264083533e+00,0.000000000000000000e+00,5.090950652518986708e+00,2.543803851957251894e+00,0.000000000000000000e+00,2.234895018073116205e-02
5.950000000000000178e+00,5.355000000000000426e+01,5.941210629020384770e-01,8.043756352700844880e-01,0.000000000000000000e+00,5.130934988505975625e+00,2.563782892188438023e+00,0.000000000000000000e+00,5.120814338236698404e+00,2.583905565441001695e+00,0.000000000000000000e+00,2.252442098484359195e-02
6.000000000000000000e+00,5.400000000000000000e+01,5.877852522924731371e-01,8.090169943749474513e-01,0.000000000000000000e+00,5.160641041651077288e+00,2.604001673951942042e+00,0.000000000000000000e+00,5.150362148004838936e+00,2.624240588521257411e+00,0.000000000000000000e+00,2.269954443451949883e-02
6.050000000000000711e+00,5.445000000000000284e+01,5.814131843198305782e-01,8.136084495007870343e-01,0.000000000000000000e+00,5.190030304265700778e+00,2.644452523670689281e+00,0.000000000000000000e+00,5.179592259175318958e+00,2.664806433143802167e+00,0.000000000000000000e+00,2.287431782914014014e-02
6.100000000000000533e+00,5.490000000000000568e+01,5.750052520432784586e-01,8.181497174250235149e-01,0.000000000000000000e+00,5.219100963481692723e+00,2.685132946145728727e+00,0.000000000000000000e+00,5.208502868697195254e+00,2.705600597016256881e+00,0.000000000000000000e+00,2.304873847348319280e-02
6.150000000000000355e+00,5.535000000000000142e+01,5.685618507342639072e-01,8.226405180208598011e-01,0.000000000000000000e+00,5.247851226083856346e+00,2.726040432016979764e+00,0.000000000000000000e+00,5.237092193227890213e+00,2.746620563762435019e+00,0.000000000000000000e+00,2.322280367776582283e-02
6.200000000000000178e+00,5.580000000000000426e+01,5.620833778521305835e-01,8.270805742745618305e-01,0.000000000000000000e+00,5.276279318620569647e+00,2.767172457918022577e+00,0.000000000000000000e+00,5.265358469243200723e+00,2.787863803077567759e+00,0.000000000000000000e+00,2.339651075768806043e-02
6.250000000000000000e+00,5.625000000000000000e+01,5.555702330196022887e-01,8.314696123025452357e-01,0.000000000000000000e+00,5.304383487513176121e+00,2.808526486631750529e+00,0.000000000000000000e+00,5.293299953146075154e+00,2.829327770884380477e+00,0.000000000000000000e+00,2.356985703447135941e-02
6.300000000000000711e+00,5.670000000000000284e+01,5.490228179981316847e-01,8.358073613682702740e-01,0.000000000000000000e+00,5.332161999164156008e+00,2.850099967246877863e+00,0.000000000000000000e+00,5.320914921374170881e+00,2.871009909490027212e+00,0.000000000000000000e+00,2.374283983490219074e-02
6.350000000000000533e+00,5.715000000000000568e+01,5.424415366631186730e-01,8.400935538989419138e-01,0.000000000000000000e+00,5.359613140064062975e+00,2.891890335315291161e+00,0.000000000000000000e+00,5.348201670506169236e+00,2.912907647743857353e+00,0.000000000000000000e+00,2.391545649137181984e-02
6.400000000000000355e+00,5.760000000000000142e+01,5.358267949789965456e-01,8.443279255020150753e-01,0.000000000000000000e+00,5.386735216897219125e+00,2.933895013010238362e+00,0.000000000000000000e+00,5.375158517366850575e+00,2.955018401196018996e+00,0.000000000000000000e+00,2.408770434191710719e-02
6.450000000000000178e+00,5.805000000000000426e+01,5.291790009741905720e-01,8.485102149815036965e-01,0.000000000000000000e+00,5.413526556646169219e+00,2.976111409285338905e+00,0.000000000000000000e+00,5.401783799130924102e+00,2.997339572256880746e+00,0.000000000000000000e+00,2.425958073026378281e-02
6.500000000000000000e+00,5.850000000000000000e+01,5.224985647159489099e-01,8.526401643540921782e-01,0.000000000000000000e+00,5.439985506694879014e+00,3.018536920034414095e+00,0.000000000000000000e+00,5.428075873425593834e+00,3.039868550357260002e+00,0.000000000000000000e+00,2.443108300586413484e-02
6.550000000000000711e+00,5.895000000000000995e+01,5.157858982850472840e-01,8.567175188650497653e-01,0.000000000000000000e+00,5.466110434930676831e+00,3.061168928252118615e+00,0.000000000000000000e+00,5.454033118431871330e+00,3.082602712109461240e+00,0.000000000000000000e+00,2.460220852394355562e-02
6.600000000000000533e+00,5.940000000000000568e+01,5.090414157503712067e-01,8.607420270039436438e-01,0.000000000000000000e+00,5.491899729844929468e+00,3.104004804195370948e+00,0.000000000000000000e+00,5.479653932984612119e+00,3.125539421469087031e+00,0.000000000000000000e+00,2.477295464553207899e-02
6.650000000000000355e+00,5.985000000000000142e+01,5.022655331433725223e-01,8.647134405201550855e-01,0.000000000000000000e+00,5.517351800632448011e+00,3.147041905545568063e+00,0.000000000000000000e+00,5.504936736671292685e+00,3.168676029897656843e+00,0.000000000000000000e+00,2.494331873751402806e-02
6.700000000000000178e+00,6.030000000000000426e+01,4.954586684324075452e-01,8.686315144381911990e-01,0.000000000000000000e+00,5.542465077289616460e+00,3.190277577571575929e+00,0.000000000000000000e+00,5.529879969929488048e+00,3.212009876525971031e+00,0.000000000000000000e+00,2.511329817266463177e-02
6.750000000000000000e+00,6.075000000000000000e+01,4.886212414969549611e-01,8.724960070727970640e-01,0.000000000000000000e+00,5.567238010711236917e+00,3.233709153293485628e+00,0.000000000000000000e+00,5.554482094143077475e+00,3.255538288318249318e+00,0.000000000000000000e+00,2.528289032969152986e-02
6.800000000000000711e+00,6.120000000000000995e+01,4.817536741017151569e-01,8.763066800438636950e-01,0.000000000000000000e+00,5.591669072786084271e+00,3.277333953647125320e+00,0.000000000000000000e+00,5.578741591737155225e+00,3.299258580237014904e+00,0.000000000000000000e+00,2.545209259327242679e-02
6.850000000000000533e+00,6.165000000000000568e+01,4.748563898705945308e-01,8.800632982911319457e-01,0.000000000000000000e+00,5.615756756491170343e+00,3.321149287649318715e+00,0.000000000000000000e+00,5.602656966271633010e+00,3.343168055408720196e+00,0.000000000000000000e+00,2.562090235410033334e-02
6.900000000000000355e+00,6.210000000000000142e+01,4.679298142605733402e-01,8.837656300886934657e-01,0.000000000000000000e+00,5.639499575984699753e+00,3.365152452563875407e+00,0.000000000000000000e+00,5.626226742533561698e+00,3.387264005290105739e+00,0.000000000000000000e+00,2.578931700891889250e-02
6.950000000000000178e+00,6.255000000000000426e+01,4.609743745354623612e-01,8.874134470592832669e-01,0.000000000000000000e+00,5.662896066697728159e+00,3.409340734068309953e+00,0.000000000000000000e+00,5.649449466628116312e+00,3.431543709835271017e+00,0.000000000000000000e+00,2.595733396056585859e-02
7.000000000000000000e+00,6.300000000000000000e+01,4.539904997395468045e-01,8.910065241883677878e-01,0.000000000000000000e+00,5.685944785424501546e+00,3.453711406421274166e+00,0.000000000000000000e+00,5.672323706068286064e+00,3.476004437663466451e+00,0.000000000000000000e+00,2.612495061801420673e-02
7.050000000000000711e+00,6.345000000000000995e+01,4.469786206711209853e-01,8.945446398380251241e-01,0.000000000000000000e+00,5.708644310411479239e+00,3.498261732630692400e+00,0.000000000000000000e+00,5.694848049863236561e+00,3.520643446227567974e+00,0.000000000000000000e+00,2.629216439640453748e-02
7.100000000000000533e+00,6.390000000000000568e+01,4.399391698559150798e-01,8.980275757606156484e-01,0.000000000000000000e+00,5.730993241445035302e+00,3.542988964622593606e+00,0.000000000000000000e+00,5.717021108605340629e+00,3.565457981983260360e+00,0.000000000000000000e+00,2.645897271709577239e-02
7.150000000000000355e+00,6.435000000000000853e+01,4.328725815204139127e-01,9.014551171122456852e-01,0.000000000000000000e+00,5.752990199937831228e+00,3.587890343410624183e+00,0.000000000000000000e+00,5.738841514555892864e+00,3.610445280558881365e+00,0.000000000000000000e+00,2.662537300769527576e-02
7.200000000000000178e+00,6.479999999999999716e+01,4.257792915650726595e-01,9.048270524660195768e-01,0.000000000000000000e+00,5.774633829013851916e+00,3.632963099266236284e+00,0.000000000000000000e+00,5.760307921729470593e+00,3.655602566925947539e+00,0.000000000000000000e+00,2.679136270210609808e-02
7.250000000000000000e+00,6.525000000000000000e+01,4.186597375374281338e-01,9.081431738250812513e-01,0.000000000000000000e+00,5.795922793592105826e+00,3.678204451889537374e+00,0.000000000000000000e+00,5.781419005976961678e+00,3.700927055570325308e+00,0.000000000000000000e+00,2.695693924056227417e-02
7.300000000000000711e+00,6.570000000000000284e+01,4.115143586051086544e-01,9.114032766354452919e-01,0.000000000000000000e+00,5.816855780468976889e+00,3.723611610580791265e+00,0.000000000000000000e+00,5.802173465067250291e+00,3.746415950664058858e+00,0.000000000000000000e+00,2.712210006966833675e-02
7.350000000000000533e+00,6.615000000000000568e+01,4.043435955287449368e-01,9.146071597986136226e-01,0.000000000000000000e+00,5.837431498399232588e+00,3.769181774412563524e+00,0.000000000000000000e+00,5.822570018767535771e+00,3.792066446237824184e+00,0.000000000000000000e+00,2.728684264243883689e-02
7.400000000000000355e+00,6.660000000000000853e+01,3.971478906347805649e-01,9.177546256839811400e-01,0.000000000000000000e+00,5.857648678175669588e+00,3.814912132402494382e+00,0.000000000000000000e+00,5.842607408922309453e+00,3.837875726354023076e+00,0.000000000000000000e+00,2.745116441834047349e-02
7.450000000000000178e+00,6.704999999999999716e+01,3.899276877881882597e-01,9.208454801410262958e-01,0.000000000000000000e+00,5.877506072707408435e+00,3.860799863686693367e+00,0.000000000000000000e+00,5.862284399530963697e+00,3.883840965280476176e+00,0.000000000000000000e+00,2.761506286332728738e-02
7.500000000000000000e+00,6.750000000000000000e+01,3.826834323650898373e-01,9.238795325112867385e-01,0.000000000000000000e+00,5.897002457096817807e+00,3.906842137693744554e+00,0.000000000000000000e+00,5.881599776824028680e+00,3.929959327664731994e+00,0.000000000000000000e+00,2.777853544988449427e-02
7.550000000000000711e+00,6.795000000000000284e+01,3.754155712252829624e-01,9.268565956401209061e-01,0.000000000000000000e+00,5.916136628715072732e+00,3.953036114319308680e+00,0.000000000000000000e+00,5.900552349338052061e+00,3.976227968708962557e+00,0.000000000000000000e+00,2.794157965706197538e-02
7.600000000000000533e+00,6.840000000000000568e+01,3.681245526846778637e-01,9.297764858882514583e-01,0.000000000000000000e+00,5.934907407276337032e+00,3.999378944101314559e+00,0.000000000000000000e+00,5.919140947989084189e+00,4.022644034345439934e+00,0.000000000000000000e+00,2.810419297051418991e-02
7.650000000000000355e+00,6.885000000000000853e+01,3.608108264876417337e-01,9.326390231430941036e-01,0.000000000000000000e+00,5.953313634910570862e+00,4.045867768395726927e+00,0.000000000000000000e+00,5.937364426144800866e+00,4.069204661412600288e+00,0.000000000000000000e+00,2.826637288254556235e-02
7.700000000000000178e+00,6.929999999999999716e+01,3.534748437792571418e-01,9.354440308298673790e-01,0.000000000000000000e+00,5.971354176234952682e+00,4.092499719552881388e+00,0.000000000000000000e+00,5.955221659695229874e+00,4.115906977831643054e+00,0.000000000000000000e+00,2.842811689213843585e-02
7.750000000000000000e+00,6.975000000000000000e+01,3.461170570774930177e-01,9.381913359224841598e-01,0.000000000000000000e+00,5.989027918423915686e+00,4.139271921094374918e+00,0.000000000000000000e+00,5.972711547122089293e+00,4.162748102783706550e+00,0.000000000000000000e+00,2.858942250500302873e-02
7.800000000000000711e+00,7.020000000000000284e+01,3.387379202452912574e-01,9.408807689542255659e-01,0.000000000000000000e+00,6.006333771277790667e+00,4.186181487890499042e+00,0.000000000000000000e+00,5.989833009566740252e+00,4.209725146887561387e+00,0.000000000000000000e+00,2.875028723360554747e-02
7.850000000000000533e+00,7.065000000000000568e+01,3.313378884625708953e-01,9.435121640281936006e-01,0.000000000000000000e+00,6.023270667290055336e+00,4.233225526338210365e+00,0.000000000000000000e+00,6.006584990896727483e+00,4.256835212377844790e+00,0.000000000000000000e+00,2.891070859721302233e-02
7.900000000000000355e+00,7.110000000000000853e+01,3.239174181981493983e-01,9.460853588275452974e-01,0.000000000000000000e+00,6.039837561713183867e+00,4.280401134539619790e+00,0.000000000000000000e+00,6.022966457770934312e+00,4.304075393283808282e+00,0.000000000000000000e+00,2.907068412192898021e-02
7.950000000000000178e+00,7.154999999999999716e+01,3.164769671815861329e-01,9.486001946255046002e-01,0.000000000000000000e+00,6.056033432623091350e+00,4.327705402480996888e+00,0.000000000000000000e+00,6.038976399703321896e+00,4.351442775608575175e+00,0.000000000000000000e+00,2.923021134073400251e-02
8.000000000000000000e+00,7.200000000000000000e+01,3.090169943749474513e-01,9.510565162951535312e-01,0.000000000000000000e+00,6.071857280982170479e+00,4.375135412212272534e+00,0.000000000000000000e+00,6.054613829125256252e+00,4.398934437508882134e+00,0.000000000000000000e+00,2.938928779352065895e-02
8.050000000000000711e+00,7.245000000000000284e+01,3.015379599444955594e-01,9.534541723190013141e-01,0.000000000000000000e+00,6.087308130700917808e+00,4.422688238027030039e+00,0.000000000000000000e+00,6.069877781446433751e+00,4.446547449475317215e+00,0.000000000000000000e+00,2.954791102713304890e-02
8.099999999999999645e+00,7.289999999999999147e+01,2.940403252323041117e-01,9.557930147983301206e-01,0.000000000000000000e+00,6.102385028698142477e+00,4.470360946642980338e+00,0.000000000000000000e+00,6.084767315114373076e+00,4.494278874513024213e+00,0.000000000000000000e+00,2.970607859540458709e-02
8.150000000000000355e+00,7.335000000000000853e+01,2.865245527277982540e-01,9.580728994623192163e-01,0.000000000000000000e+00,6.117087044959757414e+00,4.518150597382897260e+00,0.000000000000000000e+00,6.099281511672503875e+00,4.542125768322874180e+00,0.000000000000000000e+00,2.986378805919650062e-02
8.200000000000001066e+00,7.380000000000001137e+01,2.789911060392290532e-01,9.602936856769431762e-01,0.000000000000000000e+00,6.131413272596147657e+00,4.566054242356012871e+00,0.000000000000000000e+00,6.113419475816812998e+00,4.590085179483076594e+00,0.000000000000000000e+00,3.002103698643476121e-02
8.250000000000000000e+00,7.425000000000000000e+01,2.714404498650743180e-01,9.624552364536472782e-01,0.000000000000000000e+00,6.145362827898108726e+00,4.614068926639860457e+00,0.000000000000000000e+00,6.127180335451076765e+00,4.638154149631239065e+00,0.000000000000000000e+00,3.017782295214164329e-02
8.300000000000000711e+00,7.470000000000000284e+01,2.638730499653727524e-01,9.645574184577980770e-01,0.000000000000000000e+00,6.158934850391362126e+00,4.662191688462542949e+00,0.000000000000000000e+00,6.140563241740653488e+00,4.686329713646864015e+00,0.000000000000000000e+00,3.033414353848993411e-02
8.349999999999999645e+00,7.514999999999999147e+01,2.562893731329967673e-01,9.666001020169072699e-01,0.000000000000000000e+00,6.172128502889631108e+00,4.710419559385432997e+00,0.000000000000000000e+00,6.153567369164844258e+00,4.734608899834229057e+00,0.000000000000000000e+00,3.048999633481743951e-02
8.400000000000000355e+00,7.560000000000000853e+01,2.486898871648547393e-01,9.685831611286310761e-01,0.000000000000000000e+00,6.184942971546281143e+00,4.758749564486278061e+00,0.000000000000000000e+00,6.166191915567815762e+00,4.782988730105720343e+00,0.000000000000000000e+00,3.064537893768479529e-02
8.450000000000001066e+00,7.605000000000001137e+01,2.410750608330384515e-01,9.705064734685424632e-01,0.000000000000000000e+00,6.197377465904524207e+00,4.807178722542709615e+00,0.000000000000000000e+00,6.178436102208077152e+00,4.831466220165516745e+00,0.000000000000000000e+00,3.080028895090019050e-02
8.500000000000000000e+00,7.650000000000000000e+01,2.334453638559054744e-01,9.723699203976765570e-01,0.000000000000000000e+00,6.209431218946176223e+00,4.855704046216136938e+00,0.000000000000000000e+00,6.190299173806520727e+00,4.880038379693676376e+00,0.000000000000000000e+00,3.095472398555529359e-02
8.550000000000000711e+00,7.695000000000000284e+01,2.258012668691035674e-01,9.741733869698493420e-01,0.000000000000000000e+00,6.221103487138971211e+00,4.904322542236021043e+00,0.000000000000000000e+00,6.201780398593013111e+00,4.928702212530611249e+00,0.000000000000000000e+00,3.110868166007459135e-02
8.599999999999999645e+00,7.739999999999999147e+01,2.181432413965427031e-01,9.759167619387473236e-01,0.000000000000000000e+00,6.232393550482426825e+00,4.953031211584513649e+00,0.000000000000000000e+00,6.212879068351524481e+00,4.977454716861879902e+00,0.000000000000000000e+00,3.126215960023945306e-02
8.650000000000000355e+00,7.785000000000000853e+01,2.104717598213056151e-01,9.775999377647907052e-01,0.000000000000000000e+00,6.243300712552254161e+00,5.001827049681451420e+00,0.000000000000000000e+00,6.223594498463827840e+00,5.026292885403375266e+00,0.000000000000000000e+00,3.141515543923119325e-02
8.700000000000001066e+00,7.830000000000001137e+01,2.027872953565122705e-01,9.792228106217658601e-01,0.000000000000000000e+00,6.253824300543319836e+00,5.050707046569691272e+00,0.000000000000000000e+00,6.233926027951718574e+00,5.075213705586810065e+00,0.000000000000000000e+00,3.156766681766329241e-02
8.750000000000000000e+00,7.875000000000000000e+01,1.950903220161283314e-01,9.807852804032304306e-01,0.000000000000000000e+00,6.263963665311145235e+00,5.099668187100779626e+00,0.000000000000000000e+00,6.243873019517790723e+00,5.124214159745556607e+00,0.000000000000000000e+00,3.171969138362120549e-02
8.800000000000000711e+00,7.920000000000000284e+01,1.873813145857245177e-01,9.822872507286887211e-01,0.000000000000000000e+00,6.273718181411951811e+00,5.148707451120941414e+00,0.000000000000000000e+00,6.253434859584751315e+00,5.173291225300792995e+00,0.000000000000000000e+00,3.187122679270010944e-02
8.849999999999999645e+00,7.964999999999999147e+01,1.796607485931926984e-01,9.837286289495358327e-01,0.000000000000000000e+00,6.283087247141238230e+00,5.197821813657375500e+00,0.000000000000000000e+00,6.262610958333264755e+00,5.222441874947937990e+00,0.000000000000000000e+00,3.202227070803369963e-02
8.900000000000000355e+00,8.010000000000000853e+01,1.719291002794095247e-01,9.851093261547739788e-01,0.000000000000000000e+00,6.292070284570898231e+00,5.247008245104852087e+00,0.000000000000000000e+00,6.271400749738337055e+00,5.271663076843406515e+00,0.000000000000000000e+00,3.217282080034156166e-02
8.950000000000001066e+00,8.055000000000001137e+01,1.641868465688627321e-01,9.864292571764955442e-01,0.000000000000000000e+00,6.300666739584868559e+00,5.296263711412590780e+00,0.000000000000000000e+00,6.279803691604230131e+00,5.320951794791610290e+00,0.000000000000000000e+00,3.232287474795273591e-02
9.000000000000000000e+00,8.100000000000000000e+01,1.564344650402309245e-01,9.876883405951377704e-01,0.000000000000000000e+00,6.308876081913311396e+00,5.345585174271415774e+00,0.000000000000000000e+00,6.287819265597907936e+00,5.370304988432252458e+00,0.000000000000000000e+00,3.247243023684773938e-02
9.050000000000000711e+00,8.145000000000000284e+01,1.486724338969228620e-01,9.888864987445046273e-01,0.000000000000000000e+00,6.316697805165323309e+00,5.394969591301173040e+00,0.000000000000000000e+00,6.295446977281010881e+00,5.419719613427880667e+00,0.000000000000000000e+00,3.262148496070017833e-02
9.099999999999999645e+00,8.189999999999999147e+01,1.409012319375828048e-01,9.900236577165575369e-01,0.000000000000000000e+00,6.324131426860169825e+00,5.444413916238397988e+00,0.000000000000000000e+00,6.302686356140351442e+00,5.469192621651655983e+00,0.000000000000000000e+00,3.277003662089856412e-02
9.150000000000000355e+00,8.235000000000000853e+01,1.331213385265523352e-01,9.910997473659748369e-01,0.000000000000000000e+00,6.331176488457049167e+00,5.493915099124225598e+00,0.000000000000000000e+00,6.309536955616943388e+00,5.518720961375398915e+00,0.000000000000000000e+00,3.291808292659525320e-02
9.200000000000001066e+00,8.280000000000001137e+01,1.253332335643040363e-01,9.921147013144778759e-01,0.000000000000000000e+00,6.337832555383377198e+00,5.543470086492524374e+00,0.000000000000000000e+00,6.315998353133538856e+00,5.568301577457812179e+00,0.000000000000000000e+00,3.306562159473212803e-02
9.250000000000000000e+00,8.325000000000000000e+01,1.175373974578377001e-01,9.930684569549262930e-01,0.000000000000000000e+00,6.344099217061592633e+00,5.593075821558247895e+00,0.000000000000000000e+00,6.322070150120705279e+00,5.617931411532947727e+00,0.000000000000000000e+00,3.321265035007738009e-02
9.300000000000000711e+00,8.370000000000000284e+01,1.097343110910451447e-01,9.939609554551797066e-01,0.000000000000000000e+00,6.349976086934484343e+00,5.642729244405994216e+00,0.000000000000000000e+00,6.327751972041402162e+00,5.667607402198869160e+00,0.000000000000000000e+00,3.335916692527109845e-02
9.349999999999999645e+00,8.414999999999999147e+01,1.019244557950501895e-01,9.947921417617264783e-01,0.000000000000000000e+00,6.355462802489036278e+00,5.692427292178753540e+00,0.000000000000000000e+00,6.333043468414090604e+00,5.717326485206469577e+00,0.000000000000000000e+00,3.350516906084019531e-02
9.400000000000000355e+00,8.460000000000000853e+01,9.410831331851428339e-02,9.955619646030799963e-01,0.000000000000000000e+00,6.360559025278789136e+00,5.742166899266839764e+00,0.000000000000000000e+00,6.337944312834348892e+00,5.767085593648517694e+00,0.000000000000000000e+00,3.365065450525721313e-02
9.450000000000001066e+00,8.505000000000001137e+01,8.628636579792316186e-02,9.962703764929412564e-01,0.000000000000000000e+00,6.365264440944715219e+00,5.791944997496993430e+00,0.000000000000000000e+00,6.342454202995009283e+00,5.816881658148816747e+00,0.000000000000000000e+00,3.379562101495396653e-02
9.500000000000000000e+00,8.550000000000000000e+01,7.845909572784499908e-02,9.969173337331279638e-01,0.000000000000000000e+00,6.369578759234611809e+00,5.841758516321640116e+00,0.000000000000000000e+00,6.346572860704800867e+00,5.866711607051544597e+00,0.000000000000000000e+00,3.394006635436652014e-02
9.550000000000000711e+00,8.595000000000000284e+01,7.062698593116656376e-02,9.975027964162701544e-01,0.000000000000000000e+00,6.373501714021004183e+00,5.891604383008296253e+00,0.000000000000000000e+00,6.350300031905518061e+00,5.916572366610737710e+00,0.000000000000000000e+00,3.408398829597050067e-02
9.600000000000001421e+00,8.640000000000000568e+01,6.279051952931330449e-02,9.980267284282715590e-01,0.000000000000000000e+00,6.377033063317562700e+00,5.941479522829109960e+00,0.000000000000000000e+00,6.353635486687681855e+00,5.966460861179878172e+00,0.000000000000000000e+00,3.422738462031110068e-02
9.650000000000000355e+00,8.685000000000000853e+01,5.495017991244571798e-02,9.984890974505379324e-01,0.000000000000000000e+00,6.380172589294028640e+00,5.991380859250523550e+00,0.000000000000000000e+00,6.356579019304732903e+00,6.016374013401626364e+00,0.000000000000000000e+00,3.437025311603893879e-02
9.700000000000001066e+00,8.730000000000001137e+01,4.710645070964245701e-02,9.988898749619700146e-01,0.000000000000000000e+00,6.382920098289650568e+00,6.041305314123050607e+00,0.000000000000000000e+00,6.359130448185712048e+00,6.066308744397641561e+00,0.000000000000000000e+00,3.451259157994591292e-02
9.750000000000000000e+00,8.775000000000000000e+01,3.925981575906866555e-02,9.992290362407229010e-01,0.000000000000000000e+00,6.385275420825132997e+00,6.091249807871149002e+00,0.000000000000000000e+00,6.361289615946467357e+00,6.116261973958499354e+00,0.000000000000000000e+00,3.465439781699602984e-02
9.800000000000000711e+00,8.820000000000000284e+01,3.141075907812817397e-02,9.995065603657316000e-01,0.000000000000000000e+00,6.387238411613086697e+00,6.141211259683185375e+00,0.000000000000000000e+00,6.363056389399362800e+00,6.166230620733704981e+00,0.000000000000000000e+00,3.479566964036320126e-02
9.850000000000001421e+00,8.865000000000000568e+01,2.355976483361008067e-02,9.997224302180005573e-01,0.000000000000000000e+00,6.388808949566993078e+00,6.191186587701471566e+00,0.000000000000000000e+00,6.364430659561487680e+00,6.216211602421747529e+00,0.000000000000000000e+00,3.493640487145970031e-02
9.900000000000000355e+00,8.910000000000000853e+01,1.570731731182064758e-02,9.998766324816605877e-01,0.000000000000000000e+00,6.389986937808673773e+00,6.241172709212371217e+00,0.000000000000000000e+00,6.365412341661386364e+00,6.266201835960248268e+00,0.000000000000000000e+00,3.507660133997544949e-02
9.950000000000001066e+00,8.955000000000001137e+01,7.853900888711127723e-03,9.999691576447896635e-01,0.000000000000000000e+00,6.390772303674264521e+00,6.291166540836454324e+00,0.000000000000000000e+00,6.366001375144280772e+00,6.316198237716125874e+00,0.000000000000000000e+00,3.521625688390691428e-02
1.000000000000000000e+01,9.000000000000000000e+01,6.123233995736766036e-17,1.000000000000000000e+00,0.000000000000000000e+00,6.391164998718700474e+00,6.341164998718693546e+00,0.000000000000000000e+00,6.366197723675814046e+00,6.366197723675813158e+00,0.000000000000000000e+00,3.535536934959015304e-02
