sensor,axis,units,ideal,measured,error,bias,noise_std
gyroscope,x,rad/s,0.06,0.059650142505741834,-0.0003498574942581642,0.002,0.001
gyroscope,y,rad/s,-0.04,-0.04057996696942486,-0.000579966969424861,-0.001,0.001
gyroscope,z,rad/s,0.09,0.09190372125402954,0.0019037212540295445,0.0015,0.001
accelerometer,x,m/s^2,0.8058566123855897,0.8254075391333296,0.01955092674773995,0.03,0.015
accelerometer,y,m/s^2,1.7421945248257995,1.7479033061535547,0.005708781327755208,-0.02,0.015
accelerometer,z,m/s^2,9.548044810395433,9.582121527695094,0.03407671729966033,0.04,0.02
depth,scalar,m,12.0,12.109348537090632,0.10934853709063219,0.08,0.03
dvl,x,m/s,0.9343088021643758,0.9379605885787421,0.0036517864143662537,0.01,0.008
dvl,y,m/s,-0.14300377735306408,-0.15444445888906388,-0.011440681535999808,-0.005,0.008
dvl,z,m/s,0.15145081495964985,0.1535202101995936,0.002069395239943761,0.008,0.01
heading,scalar,rad,0.5499999999999998,0.5790080396996693,0.029008039699669474,0.015,0.008
